nan,nan,nan,nan,nan,nan,0.0,0.0,nan,0.0,nan,nan,0.0,0.0,nan,0.0,nan,nan,0.0,0.0,nan,0.0,nan,nan,0.0,0.0,nan,0.0,nan,nan,nan,nan,nan,nan,nan,nan,nan,nan,nan,nan,nan,nan,nan,nan,nan,nan,nan,nan,0.0
nan,nan,nan,nan,nan,nan,0.0,0.0,nan,0.0,nan,nan,0.0,0.0,nan,0.0,nan,nan,0.0,0.0,nan,0.0,nan,nan,0.0,0.0,nan,0.0,nan,nan,nan,nan,nan,nan,nan,nan,nan,nan,nan,nan,nan,nan,nan,nan,nan,nan,nan,nan,0.0
nan,nan,nan,nan,nan,nan,0.0,0.0,nan,0.0,nan,nan,0.0,0.0,nan,0.0,nan,nan,0.0,0.0,nan,0.0,nan,nan,0.0,0.0,nan,0.0,nan,nan,nan,nan,nan,nan,nan,nan,nan,nan,nan,nan,nan,nan,nan,nan,nan,nan,nan,nan,0.0
nan,nan,nan,nan,nan,nan,0.0,0.0,nan,0.0,nan,nan,0.0,0.0,nan,0.0,nan,nan,0.0,0.0,nan,0.0,nan,nan,0.0,0.0,nan,0.0,nan,nan,nan,nan,nan,nan,nan,nan,nan,nan,nan,nan,nan,nan,nan,nan,nan,nan,nan,nan,0.0
nan,nan,nan,nan,nan,nan,0.0,0.0,nan,0.0,nan,nan,0.0,0.0,nan,0.0,nan,nan,0.0,0.0,nan,0.0,nan,nan,0.0,0.0,nan,0.0,nan,nan,nan,nan,nan,nan,nan,nan,nan,nan,nan,nan,nan,nan,nan,nan,nan,nan,nan,nan,0.0
nan,nan,nan,nan,nan,nan,0.0,0.0,nan,0.0,nan,nan,0.0,0.0,nan,0.0,nan,nan,0.0,0.0,nan,0.0,nan,nan,0.0,0.0,nan,0.0,nan,nan,nan,nan,nan,nan,nan,nan,nan,nan,nan,nan,nan,nan,nan,nan,nan,nan,nan,nan,0.0
nan,nan,nan,nan,nan,nan,0.0,0.0,nan,0.0,nan,nan,0.0,0.0,nan,0.0,nan,nan,0.0,0.0,nan,0.0,nan,nan,0.0,0.0,nan,0.0,nan,nan,nan,nan,nan,nan,nan,nan,nan,nan,nan,nan,nan,nan,nan,nan,nan,nan,nan,nan,0.0
nan,nan,nan,nan,nan,nan,0.0,0.0,nan,0.0,nan,nan,0.0,0.0,nan,0.0,nan,nan,0.0,0.0,nan,0.0,nan,nan,0.0,0.0,nan,0.0,nan,nan,nan,nan,nan,nan,nan,nan,nan,nan,nan,nan,nan,nan,nan,nan,nan,nan,nan,nan,0.0
nan,nan,nan,nan,nan,nan,0.0,0.0,nan,0.0,nan,nan,0.0,0.0,nan,0.0,nan,nan,0.0,0.0,nan,0.0,nan,nan,0.0,0.0,nan,0.0,nan,nan,nan,nan,nan,nan,nan,nan,nan,nan,nan,nan,nan,nan,nan,nan,nan,nan,nan,nan,0.0
nan,nan,nan,nan,nan,nan,0.0,0.0,nan,0.0,nan,nan,0.0,0.0,nan,0.0,nan,nan,0.0,0.0,nan,0.0,nan,nan,0.0,0.0,nan,0.0,nan,nan,nan,nan,nan,nan,nan,nan,nan,nan,nan,nan,nan,nan,nan,nan,nan,nan,nan,nan,0.0
nan,nan,nan,nan,nan,nan,0.0,0.0,nan,0.0,nan,nan,0.0,0.0,nan,0.0,nan,nan,0.0,0.0,nan,0.0,nan,nan,0.0,0.0,nan,0.0,nan,nan,nan,nan,nan,nan,nan,nan,nan,nan,nan,nan,nan,nan,nan,nan,nan,nan,nan,nan,0.0
nan,nan,nan,nan,nan,nan,0.0,0.0,nan,0.0,nan,nan,0.0,0.0,nan,0.0,nan,nan,0.0,0.0,nan,0.0,nan,nan,0.0,0.0,nan,0.0,nan,nan,nan,nan,nan,nan,nan,nan,nan,nan,nan,nan,nan,nan,nan,nan,nan,nan,nan,nan,0.0
nan,nan,nan,nan,nan,nan,0.0,0.0,nan,0.0,nan,nan,0.0,0.0,nan,0.0,nan,nan,0.0,0.0,nan,0.0,nan,nan,0.0,0.0,nan,0.0,nan,nan,nan,nan,nan,nan,nan,nan,nan,nan,nan,nan,nan,nan,nan,nan,nan,nan,nan,nan,0.0
nan,nan,nan,nan,nan,nan,0.0,0.0,nan,0.0,nan,nan,0.0,0.0,nan,0.0,nan,nan,0.0,0.0,nan,0.0,nan,nan,0.0,0.0,nan,0.0,nan,nan,nan,nan,nan,nan,nan,nan,nan,nan,nan,nan,nan,nan,nan,nan,nan,nan,nan,nan,0.0
nan,nan,nan,nan,nan,nan,0.0,0.0,nan,0.0,nan,nan,0.0,0.0,nan,0.0,nan,nan,0.0,0.0,nan,0.0,nan,nan,0.0,0.0,nan,0.0,nan,nan,nan,nan,nan,nan,nan,nan,nan,nan,nan,nan,nan,nan,nan,nan,nan,nan,nan,nan,0.0
nan,nan,nan,nan,nan,nan,0.0,0.0,nan,0.0,nan,nan,0.0,0.0,nan,0.0,nan,nan,0.0,0.0,nan,0.0,nan,nan,0.0,0.0,nan,0.0,nan,nan,nan,nan,nan,nan,nan,nan,nan,nan,nan,nan,nan,nan,nan,nan,nan,nan,nan,nan,0.0
nan,nan,nan,nan,nan,nan,0.0,0.0,nan,0.0,nan,nan,0.0,0.0,nan,0.0,nan,nan,0.0,0.0,nan,0.0,nan,nan,0.0,0.0,nan,0.0,nan,nan,nan,nan,nan,nan,nan,nan,nan,nan,nan,nan,nan,nan,nan,nan,nan,nan,nan,nan,0.0
nan,nan,nan,nan,nan,nan,0.0,0.0,nan,0.0,nan,nan,0.0,0.0,nan,0.0,nan,nan,0.0,0.0,nan,0.0,nan,nan,0.0,0.0,nan,0.0,nan,nan,nan,nan,nan,nan,nan,nan,nan,nan,nan,nan,nan,nan,nan,nan,nan,nan,nan,nan,0.0
nan,nan,nan,nan,nan,nan,0.0,0.0,nan,0.0,nan,nan,0.0,0.0,nan,0.0,nan,nan,0.0,0.0,nan,0.0,nan,nan,0.0,0.0,nan,0.0,nan,nan,nan,nan,nan,nan,nan,nan,nan,nan,nan,nan,nan,nan,nan,nan,nan,nan,nan,nan,0.0
nan,nan,nan,nan,nan,nan,0.0,0.0,nan,0.0,nan,nan,0.0,0.0,nan,0.0,nan,nan,0.0,0.0,nan,0.0,nan,nan,0.0,0.0,nan,0.0,nan,nan,nan,nan,nan,nan,nan,nan,nan,nan,nan,nan,nan,nan,nan,nan,nan,nan,nan,nan,0.0
nan,nan,nan,nan,nan,nan,0.0,0.0,nan,0.0,nan,nan,0.0,0.0,nan,0.0,nan,nan,0.0,0.0,nan,0.0,nan,nan,0.0,0.0,nan,0.0,nan,nan,nan,nan,nan,nan,nan,nan,nan,nan,nan,nan,nan,nan,nan,nan,nan,nan,nan,nan,0.0
nan,nan,nan,nan,nan,nan,0.0,0.0,nan,0.0,nan,nan,0.0,0.0,nan,0.0,nan,nan,0.0,0.0,nan,0.0,nan,nan,0.0,0.0,nan,0.0,nan,nan,nan,nan,nan,nan,nan,nan,nan,nan,nan,nan,nan,nan,nan,nan,nan,nan,nan,nan,0.0
nan,nan,nan,nan,nan,nan,0.0,0.0,nan,0.0,nan,nan,0.0,0.0,nan,0.0,nan,nan,0.0,0.0,nan,0.0,nan,nan,0.0,0.0,nan,0.0,nan,nan,nan,nan,nan,nan,nan,nan,nan,nan,nan,nan,nan,nan,nan,nan,nan,nan,nan,nan,0.0
nan,nan,nan,nan,nan,nan,0.0,0.0,nan,0.0,nan,nan,0.0,0.0,nan,0.0,nan,nan,0.0,0.0,nan,0.0,nan,nan,0.0,0.0,nan,0.0,nan,nan,nan,nan,nan,nan,nan,nan,nan,nan,nan,nan,nan,nan,nan,nan,nan,nan,nan,nan,0.0
nan,nan,nan,nan,nan,nan,0.0,0.0,nan,0.0,nan,nan,0.0,0.0,nan,0.0,nan,nan,0.0,0.0,nan,0.0,nan,nan,0.0,0.0,nan,0.0,nan,nan,nan,nan,nan,nan,nan,nan,nan,nan,nan,nan,nan,nan,nan,nan,nan,nan,nan,nan,0.0
nan,nan,nan,nan,nan,nan,0.0,0.0,nan,0.0,nan,nan,0.0,0.0,nan,0.0,nan,nan,0.0,0.0,nan,0.0,nan,nan,0.0,0.0,nan,0.0,nan,nan,nan,nan,nan,nan,nan,nan,nan,nan,nan,nan,nan,nan,nan,nan,nan,nan,nan,nan,0.0
nan,nan,nan,nan,nan,nan,0.0,0.0,nan,0.0,nan,nan,0.0,0.0,nan,0.0,nan,nan,0.0,0.0,nan,0.0,nan,nan,0.0,0.0,nan,0.0,nan,nan,nan,nan,nan,nan,nan,nan,nan,nan,nan,nan,nan,nan,nan,nan,nan,nan,nan,nan,0.0
nan,nan,nan,nan,nan,nan,0.0,0.0,nan,0.0,nan,nan,0.0,0.0,nan,0.0,nan,nan,0.0,0.0,nan,0.0,nan,nan,0.0,0.0,nan,0.0,nan,nan,nan,nan,nan,nan,nan,nan,nan,nan,nan,nan,nan,nan,nan,nan,nan,nan,nan,nan,0.0
nan,nan,nan,nan,nan,nan,0.0,0.0,nan,0.0,nan,nan,0.0,0.0,nan,0.0,nan,nan,0.0,0.0,nan,0.0,nan,nan,0.0,0.0,nan,0.0,nan,nan,nan,nan,nan,nan,nan,nan,nan,nan,nan,nan,nan,nan,nan,nan,nan,nan,nan,nan,0.0
nan,nan,nan,nan,nan,nan,0.0,0.0,nan,0.0,nan,nan,0.0,0.0,nan,0.0,nan,nan,0.0,0.0,nan,0.0,nan,nan,0.0,0.0,nan,0.0,nan,nan,nan,nan,nan,nan,nan,nan,nan,nan,nan,nan,nan,nan,nan,nan,nan,nan,nan,nan,0.0
nan,nan,nan,nan,nan,nan,0.0,0.0,nan,0.0,nan,nan,0.0,0.0,nan,0.0,nan,nan,0.0,0.0,nan,0.0,nan,nan,0.0,0.0,nan,0.0,nan,nan,nan,nan,nan,nan,nan,nan,nan,nan,nan,nan,nan,nan,nan,nan,nan,nan,nan,nan,0.0
nan,nan,nan,nan,nan,nan,0.0,0.0,nan,0.0,nan,nan,0.0,0.0,nan,0.0,nan,nan,0.0,0.0,nan,0.0,nan,nan,0.0,0.0,nan,0.0,nan,nan,nan,nan,nan,nan,nan,nan,nan,nan,nan,nan,nan,nan,nan,nan,nan,nan,nan,nan,0.0
nan,nan,nan,nan,nan,nan,0.0,0.0,nan,0.0,nan,nan,0.0,0.0,nan,0.0,nan,nan,0.0,0.0,nan,0.0,nan,nan,0.0,0.0,nan,0.0,nan,nan,nan,nan,nan,nan,nan,nan,nan,nan,nan,nan,nan,nan,nan,nan,nan,nan,nan,nan,0.0
nan,nan,nan,nan,nan,nan,0.0,0.0,nan,0.0,nan,nan,0.0,0.0,nan,0.0,nan,nan,0.0,0.0,nan,0.0,nan,nan,0.0,0.0,nan,0.0,nan,nan,nan,nan,nan,nan,nan,nan,nan,nan,nan,nan,nan,nan,nan,nan,nan,nan,nan,nan,0.0
nan,nan,nan,nan,nan,nan,0.0,0.0,nan,0.0,nan,nan,0.0,0.0,nan,0.0,nan,nan,0.0,0.0,nan,0.0,nan,nan,0.0,0.0,nan,0.0,nan,nan,nan,nan,nan,nan,nan,nan,nan,nan,nan,nan,nan,nan,nan,nan,nan,nan,nan,nan,0.0
nan,nan,nan,nan,nan,nan,0.0,0.0,nan,0.0,nan,nan,0.0,0.0,nan,0.0,nan,nan,0.0,0.0,nan,0.0,nan,nan,0.0,0.0,nan,0.0,nan,nan,nan,nan,nan,nan,nan,nan,nan,nan,nan,nan,nan,nan,nan,nan,nan,nan,nan,nan,0.0
nan,nan,nan,nan,nan,nan,0.0,0.0,nan,0.0,nan,nan,0.0,0.0,nan,0.0,nan,nan,0.0,0.0,nan,0.0,nan,nan,0.0,0.0,nan,0.0,nan,nan,nan,nan,nan,nan,nan,nan,nan,nan,nan,nan,nan,nan,nan,nan,nan,nan,nan,nan,0.0
nan,nan,nan,nan,nan,nan,0.0,0.0,nan,0.0,nan,nan,0.0,0.0,nan,0.0,nan,nan,0.0,0.0,nan,0.0,nan,nan,0.0,0.0,nan,0.0,nan,nan,nan,nan,nan,nan,nan,nan,nan,nan,nan,nan,nan,nan,nan,nan,nan,nan,nan,nan,0.0
nan,nan,nan,nan,nan,nan,0.0,0.0,nan,0.0,nan,nan,0.0,0.0,nan,0.0,nan,nan,0.0,0.0,nan,0.0,nan,nan,0.0,0.0,nan,0.0,nan,nan,nan,nan,nan,nan,nan,nan,nan,nan,nan,nan,nan,nan,nan,nan,nan,nan,nan,nan,0.0
nan,nan,nan,nan,nan,nan,0.0,0.0,nan,0.0,nan,nan,0.0,0.0,nan,0.0,nan,nan,0.0,0.0,nan,0.0,nan,nan,0.0,0.0,nan,0.0,nan,nan,nan,nan,nan,nan,nan,nan,nan,nan,nan,nan,nan,nan,nan,nan,nan,nan,nan,nan,0.0
nan,nan,nan,nan,nan,nan,0.0,0.0,nan,0.0,nan,nan,0.0,0.0,nan,0.0,nan,nan,0.0,0.0,nan,0.0,nan,nan,0.0,0.0,nan,0.0,nan,nan,nan,nan,nan,nan,nan,nan,nan,nan,nan,nan,nan,nan,nan,nan,nan,nan,nan,nan,0.0
nan,nan,nan,nan,nan,nan,0.0,0.0,nan,0.0,nan,nan,0.0,0.0,nan,0.0,nan,nan,0.0,0.0,nan,0.0,nan,nan,0.0,0.0,nan,0.0,nan,nan,nan,nan,nan,nan,nan,nan,nan,nan,nan,nan,nan,nan,nan,nan,nan,nan,nan,nan,0.0
nan,nan,nan,nan,nan,nan,0.0,0.0,nan,0.0,nan,nan,0.0,0.0,nan,0.0,nan,nan,0.0,0.0,nan,0.0,nan,nan,0.0,0.0,nan,0.0,nan,nan,nan,nan,nan,nan,nan,nan,nan,nan,nan,nan,nan,nan,nan,nan,nan,nan,nan,nan,0.0
nan,nan,nan,nan,nan,nan,0.0,0.0,nan,0.0,nan,nan,0.0,0.0,nan,0.0,nan,nan,0.0,0.0,nan,0.0,nan,nan,0.0,0.0,nan,0.0,nan,nan,nan,nan,nan,nan,nan,nan,nan,nan,nan,nan,nan,nan,nan,nan,nan,nan,nan,nan,0.0
nan,nan,nan,nan,nan,nan,0.0,0.0,nan,0.0,nan,nan,0.0,0.0,nan,0.0,nan,nan,0.0,0.0,nan,0.0,nan,nan,0.0,0.0,nan,0.0,nan,nan,nan,nan,nan,nan,nan,nan,nan,nan,nan,nan,nan,nan,nan,nan,nan,nan,nan,nan,0.0
nan,nan,nan,nan,nan,nan,0.0,0.0,nan,0.0,nan,nan,0.0,0.0,nan,0.0,nan,nan,0.0,0.0,nan,0.0,nan,nan,0.0,0.0,nan,0.0,nan,nan,nan,nan,nan,nan,nan,nan,nan,nan,nan,nan,nan,nan,nan,nan,nan,nan,nan,nan,0.0
nan,nan,nan,nan,nan,nan,0.0,0.0,nan,0.0,nan,nan,0.0,0.0,nan,0.0,nan,nan,0.0,0.0,nan,0.0,nan,nan,0.0,0.0,nan,0.0,nan,nan,nan,nan,nan,nan,nan,nan,nan,nan,nan,nan,nan,nan,nan,nan,nan,nan,nan,nan,0.0
nan,nan,nan,nan,nan,nan,0.0,0.0,nan,0.0,nan,nan,0.0,0.0,nan,0.0,nan,nan,0.0,0.0,nan,0.0,nan,nan,0.0,0.0,nan,0.0,nan,nan,nan,nan,nan,nan,nan,nan,nan,nan,nan,nan,nan,nan,nan,nan,nan,nan,nan,nan,0.0
nan,nan,nan,nan,nan,nan,0.0,0.0,nan,0.0,nan,nan,0.0,0.0,nan,0.0,nan,nan,0.0,0.0,nan,0.0,nan,nan,0.0,0.0,nan,0.0,nan,nan,nan,nan,nan,nan,nan,nan,nan,nan,nan,nan,nan,nan,nan,nan,nan,nan,nan,nan,0.0
nan,nan,nan,nan,nan,nan,0.0,0.0,nan,0.0,nan,nan,0.0,0.0,nan,0.0,nan,nan,0.0,0.0,nan,0.0,nan,nan,0.0,0.0,nan,0.0,nan,nan,nan,nan,nan,nan,nan,nan,nan,nan,nan,nan,nan,nan,nan,nan,nan,nan,nan,nan,0.0
nan,nan,nan,nan,nan,nan,1.0,1.0,nan,1.0,nan,nan,0.0,0.0,nan,0.0,nan,nan,0.0,0.0,nan,0.0,nan,nan,0.0,0.0,nan,0.0,nan,nan,nan,nan,nan,nan,nan,nan,nan,nan,nan,nan,nan,nan,nan,nan,nan,nan,nan,nan,1.0
nan,nan,nan,nan,nan,nan,1.0,1.0,nan,1.0,nan,nan,0.0,0.0,nan,0.0,nan,nan,0.0,0.0,nan,0.0,nan,nan,0.0,0.0,nan,0.0,nan,nan,nan,nan,nan,nan,nan,nan,nan,nan,nan,nan,nan,nan,nan,nan,nan,nan,nan,nan,1.0
nan,nan,nan,nan,nan,nan,1.0,1.0,nan,1.0,nan,nan,0.0,0.0,nan,0.0,nan,nan,0.0,0.0,nan,0.0,nan,nan,0.0,0.0,nan,0.0,nan,nan,nan,nan,nan,nan,nan,nan,nan,nan,nan,nan,nan,nan,nan,nan,nan,nan,nan,nan,1.0
nan,nan,nan,nan,nan,nan,1.0,1.0,nan,1.0,nan,nan,0.0,0.0,nan,0.0,nan,nan,0.0,0.0,nan,0.0,nan,nan,0.0,0.0,nan,0.0,nan,nan,nan,nan,nan,nan,nan,nan,nan,nan,nan,nan,nan,nan,nan,nan,nan,nan,nan,nan,1.0
nan,nan,nan,nan,nan,nan,1.0,1.0,nan,1.0,nan,nan,0.0,0.0,nan,0.0,nan,nan,0.0,0.0,nan,0.0,nan,nan,0.0,0.0,nan,0.0,nan,nan,nan,nan,nan,nan,nan,nan,nan,nan,nan,nan,nan,nan,nan,nan,nan,nan,nan,nan,1.0
nan,nan,nan,nan,nan,nan,1.0,1.0,nan,1.0,nan,nan,0.0,0.0,nan,0.0,nan,nan,0.0,0.0,nan,0.0,nan,nan,0.0,0.0,nan,0.0,nan,nan,nan,nan,nan,nan,nan,nan,nan,nan,nan,nan,nan,nan,nan,nan,nan,nan,nan,nan,1.0
nan,nan,nan,nan,nan,nan,1.0,1.0,nan,1.0,nan,nan,0.0,0.0,nan,0.0,nan,nan,0.0,0.0,nan,0.0,nan,nan,0.0,0.0,nan,0.0,nan,nan,nan,nan,nan,nan,nan,nan,nan,nan,nan,nan,nan,nan,nan,nan,nan,nan,nan,nan,1.0
nan,nan,nan,nan,nan,nan,1.0,1.0,nan,1.0,nan,nan,0.0,0.0,nan,0.0,nan,nan,0.0,0.0,nan,0.0,nan,nan,0.0,0.0,nan,0.0,nan,nan,nan,nan,nan,nan,nan,nan,nan,nan,nan,nan,nan,nan,nan,nan,nan,nan,nan,nan,1.0
nan,nan,nan,nan,nan,nan,1.0,1.0,nan,1.0,nan,nan,0.0,0.0,nan,0.0,nan,nan,0.0,0.0,nan,0.0,nan,nan,0.0,0.0,nan,0.0,nan,nan,nan,nan,nan,nan,nan,nan,nan,nan,nan,nan,nan,nan,nan,nan,nan,nan,nan,nan,1.0
nan,nan,nan,nan,nan,nan,1.0,1.0,nan,1.0,nan,nan,0.0,0.0,nan,0.0,nan,nan,0.0,0.0,nan,0.0,nan,nan,0.0,0.0,nan,0.0,nan,nan,nan,nan,nan,nan,nan,nan,nan,nan,nan,nan,nan,nan,nan,nan,nan,nan,nan,nan,1.0
nan,nan,nan,nan,nan,nan,1.0,1.0,nan,1.0,nan,nan,0.0,0.0,nan,0.0,nan,nan,0.0,0.0,nan,0.0,nan,nan,0.0,0.0,nan,0.0,nan,nan,nan,nan,nan,nan,nan,nan,nan,nan,nan,nan,nan,nan,nan,nan,nan,nan,nan,nan,1.0
nan,nan,nan,nan,nan,nan,1.0,1.0,nan,1.0,nan,nan,0.0,0.0,nan,0.0,nan,nan,0.0,0.0,nan,0.0,nan,nan,0.0,0.0,nan,0.0,nan,nan,nan,nan,nan,nan,nan,nan,nan,nan,nan,nan,nan,nan,nan,nan,nan,nan,nan,nan,1.0
nan,nan,nan,nan,nan,nan,1.0,1.0,nan,1.0,nan,nan,0.0,0.0,nan,0.0,nan,nan,0.0,0.0,nan,0.0,nan,nan,0.0,0.0,nan,0.0,nan,nan,nan,nan,nan,nan,nan,nan,nan,nan,nan,nan,nan,nan,nan,nan,nan,nan,nan,nan,1.0
nan,nan,nan,nan,nan,nan,1.0,1.0,nan,1.0,nan,nan,0.0,0.0,nan,0.0,nan,nan,0.0,0.0,nan,0.0,nan,nan,0.0,0.0,nan,0.0,nan,nan,nan,nan,nan,nan,nan,nan,nan,nan,nan,nan,nan,nan,nan,nan,nan,nan,nan,nan,1.0
nan,nan,nan,nan,nan,nan,1.0,1.0,nan,1.0,nan,nan,0.0,0.0,nan,0.0,nan,nan,0.0,0.0,nan,0.0,nan,nan,0.0,0.0,nan,0.0,nan,nan,nan,nan,nan,nan,nan,nan,nan,nan,nan,nan,nan,nan,nan,nan,nan,nan,nan,nan,1.0
nan,nan,nan,nan,nan,nan,1.0,1.0,nan,1.0,nan,nan,0.0,0.0,nan,0.0,nan,nan,0.0,0.0,nan,0.0,nan,nan,0.0,0.0,nan,0.0,nan,nan,nan,nan,nan,nan,nan,nan,nan,nan,nan,nan,nan,nan,nan,nan,nan,nan,nan,nan,1.0
nan,nan,nan,nan,nan,nan,1.0,1.0,nan,1.0,nan,nan,0.0,0.0,nan,0.0,nan,nan,0.0,0.0,nan,0.0,nan,nan,0.0,0.0,nan,0.0,nan,nan,nan,nan,nan,nan,nan,nan,nan,nan,nan,nan,nan,nan,nan,nan,nan,nan,nan,nan,1.0
nan,nan,nan,nan,nan,nan,1.0,1.0,nan,1.0,nan,nan,0.0,0.0,nan,0.0,nan,nan,0.0,0.0,nan,0.0,nan,nan,0.0,0.0,nan,0.0,nan,nan,nan,nan,nan,nan,nan,nan,nan,nan,nan,nan,nan,nan,nan,nan,nan,nan,nan,nan,1.0
nan,nan,nan,nan,nan,nan,1.0,1.0,nan,1.0,nan,nan,0.0,0.0,nan,0.0,nan,nan,0.0,0.0,nan,0.0,nan,nan,0.0,0.0,nan,0.0,nan,nan,nan,nan,nan,nan,nan,nan,nan,nan,nan,nan,nan,nan,nan,nan,nan,nan,nan,nan,1.0
nan,nan,nan,nan,nan,nan,1.0,1.0,nan,1.0,nan,nan,0.0,0.0,nan,0.0,nan,nan,0.0,0.0,nan,0.0,nan,nan,0.0,0.0,nan,0.0,nan,nan,nan,nan,nan,nan,nan,nan,nan,nan,nan,nan,nan,nan,nan,nan,nan,nan,nan,nan,1.0
nan,nan,nan,nan,nan,nan,1.0,1.0,nan,1.0,nan,nan,0.0,0.0,nan,0.0,nan,nan,0.0,0.0,nan,0.0,nan,nan,0.0,0.0,nan,0.0,nan,nan,nan,nan,nan,nan,nan,nan,nan,nan,nan,nan,nan,nan,nan,nan,nan,nan,nan,nan,1.0
nan,nan,nan,nan,nan,nan,1.0,1.0,nan,1.0,nan,nan,0.0,0.0,nan,0.0,nan,nan,0.0,0.0,nan,0.0,nan,nan,0.0,0.0,nan,0.0,nan,nan,nan,nan,nan,nan,nan,nan,nan,nan,nan,nan,nan,nan,nan,nan,nan,nan,nan,nan,1.0
nan,nan,nan,nan,nan,nan,1.0,1.0,nan,1.0,nan,nan,0.0,0.0,nan,0.0,nan,nan,0.0,0.0,nan,0.0,nan,nan,0.0,0.0,nan,0.0,nan,nan,nan,nan,nan,nan,nan,nan,nan,nan,nan,nan,nan,nan,nan,nan,nan,nan,nan,nan,1.0
nan,nan,nan,nan,nan,nan,1.0,1.0,nan,1.0,nan,nan,0.0,0.0,nan,0.0,nan,nan,0.0,0.0,nan,0.0,nan,nan,0.0,0.0,nan,0.0,nan,nan,nan,nan,nan,nan,nan,nan,nan,nan,nan,nan,nan,nan,nan,nan,nan,nan,nan,nan,1.0
nan,nan,nan,nan,nan,nan,1.0,1.0,nan,1.0,nan,nan,0.0,0.0,nan,0.0,nan,nan,0.0,0.0,nan,0.0,nan,nan,0.0,0.0,nan,0.0,nan,nan,nan,nan,nan,nan,nan,nan,nan,nan,nan,nan,nan,nan,nan,nan,nan,nan,nan,nan,1.0
nan,nan,nan,nan,nan,nan,1.0,1.0,nan,1.0,nan,nan,0.0,0.0,nan,0.0,nan,nan,0.0,0.0,nan,0.0,nan,nan,0.0,0.0,nan,0.0,nan,nan,nan,nan,nan,nan,nan,nan,nan,nan,nan,nan,nan,nan,nan,nan,nan,nan,nan,nan,1.0
nan,nan,nan,nan,nan,nan,1.0,1.0,nan,1.0,nan,nan,0.0,0.0,nan,0.0,nan,nan,0.0,0.0,nan,0.0,nan,nan,0.0,0.0,nan,0.0,nan,nan,nan,nan,nan,nan,nan,nan,nan,nan,nan,nan,nan,nan,nan,nan,nan,nan,nan,nan,1.0
nan,nan,nan,nan,nan,nan,1.0,1.0,nan,1.0,nan,nan,0.0,0.0,nan,0.0,nan,nan,0.0,0.0,nan,0.0,nan,nan,0.0,0.0,nan,0.0,nan,nan,nan,nan,nan,nan,nan,nan,nan,nan,nan,nan,nan,nan,nan,nan,nan,nan,nan,nan,1.0
nan,nan,nan,nan,nan,nan,1.0,1.0,nan,1.0,nan,nan,0.0,0.0,nan,0.0,nan,nan,0.0,0.0,nan,0.0,nan,nan,0.0,0.0,nan,0.0,nan,nan,nan,nan,nan,nan,nan,nan,nan,nan,nan,nan,nan,nan,nan,nan,nan,nan,nan,nan,1.0
nan,nan,nan,nan,nan,nan,1.0,1.0,nan,1.0,nan,nan,0.0,0.0,nan,0.0,nan,nan,0.0,0.0,nan,0.0,nan,nan,0.0,0.0,nan,0.0,nan,nan,nan,nan,nan,nan,nan,nan,nan,nan,nan,nan,nan,nan,nan,nan,nan,nan,nan,nan,1.0
nan,nan,nan,nan,nan,nan,1.0,1.0,nan,1.0,nan,nan,0.0,0.0,nan,0.0,nan,nan,0.0,0.0,nan,0.0,nan,nan,0.0,0.0,nan,0.0,nan,nan,nan,nan,nan,nan,nan,nan,nan,nan,nan,nan,nan,nan,nan,nan,nan,nan,nan,nan,1.0
nan,nan,nan,nan,nan,nan,1.0,1.0,nan,1.0,nan,nan,0.0,0.0,nan,0.0,nan,nan,0.0,0.0,nan,0.0,nan,nan,0.0,0.0,nan,0.0,nan,nan,nan,nan,nan,nan,nan,nan,nan,nan,nan,nan,nan,nan,nan,nan,nan,nan,nan,nan,1.0
nan,nan,nan,nan,nan,nan,1.0,1.0,nan,1.0,nan,nan,0.0,0.0,nan,0.0,nan,nan,0.0,0.0,nan,0.0,nan,nan,0.0,0.0,nan,0.0,nan,nan,nan,nan,nan,nan,nan,nan,nan,nan,nan,nan,nan,nan,nan,nan,nan,nan,nan,nan,1.0
nan,nan,nan,nan,nan,nan,1.0,1.0,nan,1.0,nan,nan,0.0,0.0,nan,0.0,nan,nan,0.0,0.0,nan,0.0,nan,nan,0.0,0.0,nan,0.0,nan,nan,nan,nan,nan,nan,nan,nan,nan,nan,nan,nan,nan,nan,nan,nan,nan,nan,nan,nan,1.0
nan,nan,nan,nan,nan,nan,1.0,1.0,nan,1.0,nan,nan,0.0,0.0,nan,0.0,nan,nan,0.0,0.0,nan,0.0,nan,nan,0.0,0.0,nan,0.0,nan,nan,nan,nan,nan,nan,nan,nan,nan,nan,nan,nan,nan,nan,nan,nan,nan,nan,nan,nan,1.0
nan,nan,nan,nan,nan,nan,1.0,1.0,nan,1.0,nan,nan,0.0,0.0,nan,0.0,nan,nan,0.0,0.0,nan,0.0,nan,nan,0.0,0.0,nan,0.0,nan,nan,nan,nan,nan,nan,nan,nan,nan,nan,nan,nan,nan,nan,nan,nan,nan,nan,nan,nan,1.0
nan,nan,nan,nan,nan,nan,1.0,1.0,nan,1.0,nan,nan,0.0,0.0,nan,0.0,nan,nan,0.0,0.0,nan,0.0,nan,nan,0.0,0.0,nan,0.0,nan,nan,nan,nan,nan,nan,nan,nan,nan,nan,nan,nan,nan,nan,nan,nan,nan,nan,nan,nan,1.0
nan,nan,nan,nan,nan,nan,1.0,1.0,nan,1.0,nan,nan,0.0,0.0,nan,0.0,nan,nan,0.0,0.0,nan,0.0,nan,nan,0.0,0.0,nan,0.0,nan,nan,nan,nan,nan,nan,nan,nan,nan,nan,nan,nan,nan,nan,nan,nan,nan,nan,nan,nan,1.0
nan,nan,nan,nan,nan,nan,1.0,1.0,nan,1.0,nan,nan,0.0,0.0,nan,0.0,nan,nan,0.0,0.0,nan,0.0,nan,nan,0.0,0.0,nan,0.0,nan,nan,nan,nan,nan,nan,nan,nan,nan,nan,nan,nan,nan,nan,nan,nan,nan,nan,nan,nan,1.0
nan,nan,nan,nan,nan,nan,1.0,1.0,nan,1.0,nan,nan,0.0,0.0,nan,0.0,nan,nan,0.0,0.0,nan,0.0,nan,nan,0.0,0.0,nan,0.0,nan,nan,nan,nan,nan,nan,nan,nan,nan,nan,nan,nan,nan,nan,nan,nan,nan,nan,nan,nan,1.0
nan,nan,nan,nan,nan,nan,1.0,1.0,nan,1.0,nan,nan,0.0,0.0,nan,0.0,nan,nan,0.0,0.0,nan,0.0,nan,nan,0.0,0.0,nan,0.0,nan,nan,nan,nan,nan,nan,nan,nan,nan,nan,nan,nan,nan,nan,nan,nan,nan,nan,nan,nan,1.0
nan,nan,nan,nan,nan,nan,1.0,1.0,nan,1.0,nan,nan,0.0,0.0,nan,0.0,nan,nan,0.0,0.0,nan,0.0,nan,nan,0.0,0.0,nan,0.0,nan,nan,nan,nan,nan,nan,nan,nan,nan,nan,nan,nan,nan,nan,nan,nan,nan,nan,nan,nan,1.0
nan,nan,nan,nan,nan,nan,1.0,1.0,nan,1.0,nan,nan,0.0,0.0,nan,0.0,nan,nan,0.0,0.0,nan,0.0,nan,nan,0.0,0.0,nan,0.0,nan,nan,nan,nan,nan,nan,nan,nan,nan,nan,nan,nan,nan,nan,nan,nan,nan,nan,nan,nan,1.0
nan,nan,nan,nan,nan,nan,1.0,1.0,nan,1.0,nan,nan,0.0,0.0,nan,0.0,nan,nan,0.0,0.0,nan,0.0,nan,nan,0.0,0.0,nan,0.0,nan,nan,nan,nan,nan,nan,nan,nan,nan,nan,nan,nan,nan,nan,nan,nan,nan,nan,nan,nan,1.0
nan,nan,nan,nan,nan,nan,1.0,1.0,nan,1.0,nan,nan,0.0,0.0,nan,0.0,nan,nan,0.0,0.0,nan,0.0,nan,nan,0.0,0.0,nan,0.0,nan,nan,nan,nan,nan,nan,nan,nan,nan,nan,nan,nan,nan,nan,nan,nan,nan,nan,nan,nan,1.0
nan,nan,nan,nan,nan,nan,1.0,1.0,nan,1.0,nan,nan,0.0,0.0,nan,0.0,nan,nan,0.0,0.0,nan,0.0,nan,nan,0.0,0.0,nan,0.0,nan,nan,nan,nan,nan,nan,nan,nan,nan,nan,nan,nan,nan,nan,nan,nan,nan,nan,nan,nan,1.0
nan,nan,nan,nan,nan,nan,1.0,1.0,nan,1.0,nan,nan,0.0,0.0,nan,0.0,nan,nan,0.0,0.0,nan,0.0,nan,nan,0.0,0.0,nan,0.0,nan,nan,nan,nan,nan,nan,nan,nan,nan,nan,nan,nan,nan,nan,nan,nan,nan,nan,nan,nan,1.0
nan,nan,nan,nan,nan,nan,1.0,1.0,nan,1.0,nan,nan,0.0,0.0,nan,0.0,nan,nan,0.0,0.0,nan,0.0,nan,nan,0.0,0.0,nan,0.0,nan,nan,nan,nan,nan,nan,nan,nan,nan,nan,nan,nan,nan,nan,nan,nan,nan,nan,nan,nan,1.0
nan,nan,nan,nan,nan,nan,1.0,1.0,nan,1.0,nan,nan,0.0,0.0,nan,0.0,nan,nan,0.0,0.0,nan,0.0,nan,nan,0.0,0.0,nan,0.0,nan,nan,nan,nan,nan,nan,nan,nan,nan,nan,nan,nan,nan,nan,nan,nan,nan,nan,nan,nan,1.0
nan,nan,nan,nan,nan,nan,1.0,1.0,nan,1.0,nan,nan,0.0,0.0,nan,0.0,nan,nan,0.0,0.0,nan,0.0,nan,nan,0.0,0.0,nan,0.0,nan,nan,nan,nan,nan,nan,nan,nan,nan,nan,nan,nan,nan,nan,nan,nan,nan,nan,nan,nan,1.0
nan,nan,nan,nan,nan,nan,0.0,0.0,nan,0.0,nan,nan,1.0,1.0,nan,1.0,nan,nan,0.0,0.0,nan,0.0,nan,nan,0.0,0.0,nan,0.0,nan,nan,nan,nan,nan,nan,nan,nan,nan,nan,nan,nan,nan,nan,nan,nan,nan,nan,nan,nan,2.0
nan,nan,nan,nan,nan,nan,0.0,0.0,nan,0.0,nan,nan,1.0,1.0,nan,1.0,nan,nan,0.0,0.0,nan,0.0,nan,nan,0.0,0.0,nan,0.0,nan,nan,nan,nan,nan,nan,nan,nan,nan,nan,nan,nan,nan,nan,nan,nan,nan,nan,nan,nan,2.0
nan,nan,nan,nan,nan,nan,0.0,0.0,nan,0.0,nan,nan,1.0,1.0,nan,1.0,nan,nan,0.0,0.0,nan,0.0,nan,nan,0.0,0.0,nan,0.0,nan,nan,nan,nan,nan,nan,nan,nan,nan,nan,nan,nan,nan,nan,nan,nan,nan,nan,nan,nan,2.0
nan,nan,nan,nan,nan,nan,0.0,0.0,nan,0.0,nan,nan,1.0,1.0,nan,1.0,nan,nan,0.0,0.0,nan,0.0,nan,nan,0.0,0.0,nan,0.0,nan,nan,nan,nan,nan,nan,nan,nan,nan,nan,nan,nan,nan,nan,nan,nan,nan,nan,nan,nan,2.0
nan,nan,nan,nan,nan,nan,0.0,0.0,nan,0.0,nan,nan,1.0,1.0,nan,1.0,nan,nan,0.0,0.0,nan,0.0,nan,nan,0.0,0.0,nan,0.0,nan,nan,nan,nan,nan,nan,nan,nan,nan,nan,nan,nan,nan,nan,nan,nan,nan,nan,nan,nan,2.0
nan,nan,nan,nan,nan,nan,0.0,0.0,nan,0.0,nan,nan,1.0,1.0,nan,1.0,nan,nan,0.0,0.0,nan,0.0,nan,nan,0.0,0.0,nan,0.0,nan,nan,nan,nan,nan,nan,nan,nan,nan,nan,nan,nan,nan,nan,nan,nan,nan,nan,nan,nan,2.0
nan,nan,nan,nan,nan,nan,0.0,0.0,nan,0.0,nan,nan,1.0,1.0,nan,1.0,nan,nan,0.0,0.0,nan,0.0,nan,nan,0.0,0.0,nan,0.0,nan,nan,nan,nan,nan,nan,nan,nan,nan,nan,nan,nan,nan,nan,nan,nan,nan,nan,nan,nan,2.0
nan,nan,nan,nan,nan,nan,0.0,0.0,nan,0.0,nan,nan,1.0,1.0,nan,1.0,nan,nan,0.0,0.0,nan,0.0,nan,nan,0.0,0.0,nan,0.0,nan,nan,nan,nan,nan,nan,nan,nan,nan,nan,nan,nan,nan,nan,nan,nan,nan,nan,nan,nan,2.0
nan,nan,nan,nan,nan,nan,0.0,0.0,nan,0.0,nan,nan,1.0,1.0,nan,1.0,nan,nan,0.0,0.0,nan,0.0,nan,nan,0.0,0.0,nan,0.0,nan,nan,nan,nan,nan,nan,nan,nan,nan,nan,nan,nan,nan,nan,nan,nan,nan,nan,nan,nan,2.0
nan,nan,nan,nan,nan,nan,0.0,0.0,nan,0.0,nan,nan,1.0,1.0,nan,1.0,nan,nan,0.0,0.0,nan,0.0,nan,nan,0.0,0.0,nan,0.0,nan,nan,nan,nan,nan,nan,nan,nan,nan,nan,nan,nan,nan,nan,nan,nan,nan,nan,nan,nan,2.0
nan,nan,nan,nan,nan,nan,0.0,0.0,nan,0.0,nan,nan,1.0,1.0,nan,1.0,nan,nan,0.0,0.0,nan,0.0,nan,nan,0.0,0.0,nan,0.0,nan,nan,nan,nan,nan,nan,nan,nan,nan,nan,nan,nan,nan,nan,nan,nan,nan,nan,nan,nan,2.0
nan,nan,nan,nan,nan,nan,0.0,0.0,nan,0.0,nan,nan,1.0,1.0,nan,1.0,nan,nan,0.0,0.0,nan,0.0,nan,nan,0.0,0.0,nan,0.0,nan,nan,nan,nan,nan,nan,nan,nan,nan,nan,nan,nan,nan,nan,nan,nan,nan,nan,nan,nan,2.0
nan,nan,nan,nan,nan,nan,0.0,0.0,nan,0.0,nan,nan,1.0,1.0,nan,1.0,nan,nan,0.0,0.0,nan,0.0,nan,nan,0.0,0.0,nan,0.0,nan,nan,nan,nan,nan,nan,nan,nan,nan,nan,nan,nan,nan,nan,nan,nan,nan,nan,nan,nan,2.0
nan,nan,nan,nan,nan,nan,0.0,0.0,nan,0.0,nan,nan,1.0,1.0,nan,1.0,nan,nan,0.0,0.0,nan,0.0,nan,nan,0.0,0.0,nan,0.0,nan,nan,nan,nan,nan,nan,nan,nan,nan,nan,nan,nan,nan,nan,nan,nan,nan,nan,nan,nan,2.0
nan,nan,nan,nan,nan,nan,0.0,0.0,nan,0.0,nan,nan,1.0,1.0,nan,1.0,nan,nan,0.0,0.0,nan,0.0,nan,nan,0.0,0.0,nan,0.0,nan,nan,nan,nan,nan,nan,nan,nan,nan,nan,nan,nan,nan,nan,nan,nan,nan,nan,nan,nan,2.0
nan,nan,nan,nan,nan,nan,0.0,0.0,nan,0.0,nan,nan,1.0,1.0,nan,1.0,nan,nan,0.0,0.0,nan,0.0,nan,nan,0.0,0.0,nan,0.0,nan,nan,nan,nan,nan,nan,nan,nan,nan,nan,nan,nan,nan,nan,nan,nan,nan,nan,nan,nan,2.0
nan,nan,nan,nan,nan,nan,0.0,0.0,nan,0.0,nan,nan,1.0,1.0,nan,1.0,nan,nan,0.0,0.0,nan,0.0,nan,nan,0.0,0.0,nan,0.0,nan,nan,nan,nan,nan,nan,nan,nan,nan,nan,nan,nan,nan,nan,nan,nan,nan,nan,nan,nan,2.0
nan,nan,nan,nan,nan,nan,0.0,0.0,nan,0.0,nan,nan,1.0,1.0,nan,1.0,nan,nan,0.0,0.0,nan,0.0,nan,nan,0.0,0.0,nan,0.0,nan,nan,nan,nan,nan,nan,nan,nan,nan,nan,nan,nan,nan,nan,nan,nan,nan,nan,nan,nan,2.0
nan,nan,nan,nan,nan,nan,0.0,0.0,nan,0.0,nan,nan,1.0,1.0,nan,1.0,nan,nan,0.0,0.0,nan,0.0,nan,nan,0.0,0.0,nan,0.0,nan,nan,nan,nan,nan,nan,nan,nan,nan,nan,nan,nan,nan,nan,nan,nan,nan,nan,nan,nan,2.0
nan,nan,nan,nan,nan,nan,0.0,0.0,nan,0.0,nan,nan,1.0,1.0,nan,1.0,nan,nan,0.0,0.0,nan,0.0,nan,nan,0.0,0.0,nan,0.0,nan,nan,nan,nan,nan,nan,nan,nan,nan,nan,nan,nan,nan,nan,nan,nan,nan,nan,nan,nan,2.0
nan,nan,nan,nan,nan,nan,0.0,0.0,nan,0.0,nan,nan,1.0,1.0,nan,1.0,nan,nan,0.0,0.0,nan,0.0,nan,nan,0.0,0.0,nan,0.0,nan,nan,nan,nan,nan,nan,nan,nan,nan,nan,nan,nan,nan,nan,nan,nan,nan,nan,nan,nan,2.0
nan,nan,nan,nan,nan,nan,0.0,0.0,nan,0.0,nan,nan,1.0,1.0,nan,1.0,nan,nan,0.0,0.0,nan,0.0,nan,nan,0.0,0.0,nan,0.0,nan,nan,nan,nan,nan,nan,nan,nan,nan,nan,nan,nan,nan,nan,nan,nan,nan,nan,nan,nan,2.0
nan,nan,nan,nan,nan,nan,0.0,0.0,nan,0.0,nan,nan,1.0,1.0,nan,1.0,nan,nan,0.0,0.0,nan,0.0,nan,nan,0.0,0.0,nan,0.0,nan,nan,nan,nan,nan,nan,nan,nan,nan,nan,nan,nan,nan,nan,nan,nan,nan,nan,nan,nan,2.0
nan,nan,nan,nan,nan,nan,0.0,0.0,nan,0.0,nan,nan,1.0,1.0,nan,1.0,nan,nan,0.0,0.0,nan,0.0,nan,nan,0.0,0.0,nan,0.0,nan,nan,nan,nan,nan,nan,nan,nan,nan,nan,nan,nan,nan,nan,nan,nan,nan,nan,nan,nan,2.0
nan,nan,nan,nan,nan,nan,0.0,0.0,nan,0.0,nan,nan,1.0,1.0,nan,1.0,nan,nan,0.0,0.0,nan,0.0,nan,nan,0.0,0.0,nan,0.0,nan,nan,nan,nan,nan,nan,nan,nan,nan,nan,nan,nan,nan,nan,nan,nan,nan,nan,nan,nan,2.0
nan,nan,nan,nan,nan,nan,0.0,0.0,nan,0.0,nan,nan,1.0,1.0,nan,1.0,nan,nan,0.0,0.0,nan,0.0,nan,nan,0.0,0.0,nan,0.0,nan,nan,nan,nan,nan,nan,nan,nan,nan,nan,nan,nan,nan,nan,nan,nan,nan,nan,nan,nan,2.0
nan,nan,nan,nan,nan,nan,0.0,0.0,nan,0.0,nan,nan,1.0,1.0,nan,1.0,nan,nan,0.0,0.0,nan,0.0,nan,nan,0.0,0.0,nan,0.0,nan,nan,nan,nan,nan,nan,nan,nan,nan,nan,nan,nan,nan,nan,nan,nan,nan,nan,nan,nan,2.0
nan,nan,nan,nan,nan,nan,0.0,0.0,nan,0.0,nan,nan,1.0,1.0,nan,1.0,nan,nan,0.0,0.0,nan,0.0,nan,nan,0.0,0.0,nan,0.0,nan,nan,nan,nan,nan,nan,nan,nan,nan,nan,nan,nan,nan,nan,nan,nan,nan,nan,nan,nan,2.0
nan,nan,nan,nan,nan,nan,0.0,0.0,nan,0.0,nan,nan,1.0,1.0,nan,1.0,nan,nan,0.0,0.0,nan,0.0,nan,nan,0.0,0.0,nan,0.0,nan,nan,nan,nan,nan,nan,nan,nan,nan,nan,nan,nan,nan,nan,nan,nan,nan,nan,nan,nan,2.0
nan,nan,nan,nan,nan,nan,0.0,0.0,nan,0.0,nan,nan,1.0,1.0,nan,1.0,nan,nan,0.0,0.0,nan,0.0,nan,nan,0.0,0.0,nan,0.0,nan,nan,nan,nan,nan,nan,nan,nan,nan,nan,nan,nan,nan,nan,nan,nan,nan,nan,nan,nan,2.0
nan,nan,nan,nan,nan,nan,0.0,0.0,nan,0.0,nan,nan,1.0,1.0,nan,1.0,nan,nan,0.0,0.0,nan,0.0,nan,nan,0.0,0.0,nan,0.0,nan,nan,nan,nan,nan,nan,nan,nan,nan,nan,nan,nan,nan,nan,nan,nan,nan,nan,nan,nan,2.0
nan,nan,nan,nan,nan,nan,0.0,0.0,nan,0.0,nan,nan,1.0,1.0,nan,1.0,nan,nan,0.0,0.0,nan,0.0,nan,nan,0.0,0.0,nan,0.0,nan,nan,nan,nan,nan,nan,nan,nan,nan,nan,nan,nan,nan,nan,nan,nan,nan,nan,nan,nan,2.0
nan,nan,nan,nan,nan,nan,0.0,0.0,nan,0.0,nan,nan,1.0,1.0,nan,1.0,nan,nan,0.0,0.0,nan,0.0,nan,nan,0.0,0.0,nan,0.0,nan,nan,nan,nan,nan,nan,nan,nan,nan,nan,nan,nan,nan,nan,nan,nan,nan,nan,nan,nan,2.0
nan,nan,nan,nan,nan,nan,0.0,0.0,nan,0.0,nan,nan,1.0,1.0,nan,1.0,nan,nan,0.0,0.0,nan,0.0,nan,nan,0.0,0.0,nan,0.0,nan,nan,nan,nan,nan,nan,nan,nan,nan,nan,nan,nan,nan,nan,nan,nan,nan,nan,nan,nan,2.0
nan,nan,nan,nan,nan,nan,0.0,0.0,nan,0.0,nan,nan,1.0,1.0,nan,1.0,nan,nan,0.0,0.0,nan,0.0,nan,nan,0.0,0.0,nan,0.0,nan,nan,nan,nan,nan,nan,nan,nan,nan,nan,nan,nan,nan,nan,nan,nan,nan,nan,nan,nan,2.0
nan,nan,nan,nan,nan,nan,0.0,0.0,nan,0.0,nan,nan,1.0,1.0,nan,1.0,nan,nan,0.0,0.0,nan,0.0,nan,nan,0.0,0.0,nan,0.0,nan,nan,nan,nan,nan,nan,nan,nan,nan,nan,nan,nan,nan,nan,nan,nan,nan,nan,nan,nan,2.0
nan,nan,nan,nan,nan,nan,0.0,0.0,nan,0.0,nan,nan,1.0,1.0,nan,1.0,nan,nan,0.0,0.0,nan,0.0,nan,nan,0.0,0.0,nan,0.0,nan,nan,nan,nan,nan,nan,nan,nan,nan,nan,nan,nan,nan,nan,nan,nan,nan,nan,nan,nan,2.0
nan,nan,nan,nan,nan,nan,0.0,0.0,nan,0.0,nan,nan,1.0,1.0,nan,1.0,nan,nan,0.0,0.0,nan,0.0,nan,nan,0.0,0.0,nan,0.0,nan,nan,nan,nan,nan,nan,nan,nan,nan,nan,nan,nan,nan,nan,nan,nan,nan,nan,nan,nan,2.0
nan,nan,nan,nan,nan,nan,0.0,0.0,nan,0.0,nan,nan,1.0,1.0,nan,1.0,nan,nan,0.0,0.0,nan,0.0,nan,nan,0.0,0.0,nan,0.0,nan,nan,nan,nan,nan,nan,nan,nan,nan,nan,nan,nan,nan,nan,nan,nan,nan,nan,nan,nan,2.0
nan,nan,nan,nan,nan,nan,0.0,0.0,nan,0.0,nan,nan,1.0,1.0,nan,1.0,nan,nan,0.0,0.0,nan,0.0,nan,nan,0.0,0.0,nan,0.0,nan,nan,nan,nan,nan,nan,nan,nan,nan,nan,nan,nan,nan,nan,nan,nan,nan,nan,nan,nan,2.0
nan,nan,nan,nan,nan,nan,0.0,0.0,nan,0.0,nan,nan,1.0,1.0,nan,1.0,nan,nan,0.0,0.0,nan,0.0,nan,nan,0.0,0.0,nan,0.0,nan,nan,nan,nan,nan,nan,nan,nan,nan,nan,nan,nan,nan,nan,nan,nan,nan,nan,nan,nan,2.0
nan,nan,nan,nan,nan,nan,0.0,0.0,nan,0.0,nan,nan,1.0,1.0,nan,1.0,nan,nan,0.0,0.0,nan,0.0,nan,nan,0.0,0.0,nan,0.0,nan,nan,nan,nan,nan,nan,nan,nan,nan,nan,nan,nan,nan,nan,nan,nan,nan,nan,nan,nan,2.0
nan,nan,nan,nan,nan,nan,0.0,0.0,nan,0.0,nan,nan,1.0,1.0,nan,1.0,nan,nan,0.0,0.0,nan,0.0,nan,nan,0.0,0.0,nan,0.0,nan,nan,nan,nan,nan,nan,nan,nan,nan,nan,nan,nan,nan,nan,nan,nan,nan,nan,nan,nan,2.0
nan,nan,nan,nan,nan,nan,0.0,0.0,nan,0.0,nan,nan,1.0,1.0,nan,1.0,nan,nan,0.0,0.0,nan,0.0,nan,nan,0.0,0.0,nan,0.0,nan,nan,nan,nan,nan,nan,nan,nan,nan,nan,nan,nan,nan,nan,nan,nan,nan,nan,nan,nan,2.0
nan,nan,nan,nan,nan,nan,0.0,0.0,nan,0.0,nan,nan,1.0,1.0,nan,1.0,nan,nan,0.0,0.0,nan,0.0,nan,nan,0.0,0.0,nan,0.0,nan,nan,nan,nan,nan,nan,nan,nan,nan,nan,nan,nan,nan,nan,nan,nan,nan,nan,nan,nan,2.0
nan,nan,nan,nan,nan,nan,0.0,0.0,nan,0.0,nan,nan,1.0,1.0,nan,1.0,nan,nan,0.0,0.0,nan,0.0,nan,nan,0.0,0.0,nan,0.0,nan,nan,nan,nan,nan,nan,nan,nan,nan,nan,nan,nan,nan,nan,nan,nan,nan,nan,nan,nan,2.0
nan,nan,nan,nan,nan,nan,0.0,0.0,nan,0.0,nan,nan,1.0,1.0,nan,1.0,nan,nan,0.0,0.0,nan,0.0,nan,nan,0.0,0.0,nan,0.0,nan,nan,nan,nan,nan,nan,nan,nan,nan,nan,nan,nan,nan,nan,nan,nan,nan,nan,nan,nan,2.0
nan,nan,nan,nan,nan,nan,0.0,0.0,nan,0.0,nan,nan,1.0,1.0,nan,1.0,nan,nan,0.0,0.0,nan,0.0,nan,nan,0.0,0.0,nan,0.0,nan,nan,nan,nan,nan,nan,nan,nan,nan,nan,nan,nan,nan,nan,nan,nan,nan,nan,nan,nan,2.0
nan,nan,nan,nan,nan,nan,0.0,0.0,nan,0.0,nan,nan,1.0,1.0,nan,1.0,nan,nan,0.0,0.0,nan,0.0,nan,nan,0.0,0.0,nan,0.0,nan,nan,nan,nan,nan,nan,nan,nan,nan,nan,nan,nan,nan,nan,nan,nan,nan,nan,nan,nan,2.0
nan,nan,nan,nan,nan,nan,0.0,0.0,nan,0.0,nan,nan,1.0,1.0,nan,1.0,nan,nan,0.0,0.0,nan,0.0,nan,nan,0.0,0.0,nan,0.0,nan,nan,nan,nan,nan,nan,nan,nan,nan,nan,nan,nan,nan,nan,nan,nan,nan,nan,nan,nan,2.0
nan,nan,nan,nan,nan,nan,0.0,0.0,nan,0.0,nan,nan,0.0,0.0,nan,0.0,nan,nan,1.0,1.0,nan,1.0,nan,nan,0.0,0.0,nan,0.0,nan,nan,nan,nan,nan,nan,nan,nan,nan,nan,nan,nan,nan,nan,nan,nan,nan,nan,nan,nan,3.0
nan,nan,nan,nan,nan,nan,0.0,0.0,nan,0.0,nan,nan,0.0,0.0,nan,0.0,nan,nan,1.0,1.0,nan,1.0,nan,nan,0.0,0.0,nan,0.0,nan,nan,nan,nan,nan,nan,nan,nan,nan,nan,nan,nan,nan,nan,nan,nan,nan,nan,nan,nan,3.0
nan,nan,nan,nan,nan,nan,0.0,0.0,nan,0.0,nan,nan,0.0,0.0,nan,0.0,nan,nan,1.0,1.0,nan,1.0,nan,nan,0.0,0.0,nan,0.0,nan,nan,nan,nan,nan,nan,nan,nan,nan,nan,nan,nan,nan,nan,nan,nan,nan,nan,nan,nan,3.0
nan,nan,nan,nan,nan,nan,0.0,0.0,nan,0.0,nan,nan,0.0,0.0,nan,0.0,nan,nan,1.0,1.0,nan,1.0,nan,nan,0.0,0.0,nan,0.0,nan,nan,nan,nan,nan,nan,nan,nan,nan,nan,nan,nan,nan,nan,nan,nan,nan,nan,nan,nan,3.0
nan,nan,nan,nan,nan,nan,0.0,0.0,nan,0.0,nan,nan,0.0,0.0,nan,0.0,nan,nan,1.0,1.0,nan,1.0,nan,nan,0.0,0.0,nan,0.0,nan,nan,nan,nan,nan,nan,nan,nan,nan,nan,nan,nan,nan,nan,nan,nan,nan,nan,nan,nan,3.0
nan,nan,nan,nan,nan,nan,0.0,0.0,nan,0.0,nan,nan,0.0,0.0,nan,0.0,nan,nan,1.0,1.0,nan,1.0,nan,nan,0.0,0.0,nan,0.0,nan,nan,nan,nan,nan,nan,nan,nan,nan,nan,nan,nan,nan,nan,nan,nan,nan,nan,nan,nan,3.0
nan,nan,nan,nan,nan,nan,0.0,0.0,nan,0.0,nan,nan,0.0,0.0,nan,0.0,nan,nan,1.0,1.0,nan,1.0,nan,nan,0.0,0.0,nan,0.0,nan,nan,nan,nan,nan,nan,nan,nan,nan,nan,nan,nan,nan,nan,nan,nan,nan,nan,nan,nan,3.0
nan,nan,nan,nan,nan,nan,0.0,0.0,nan,0.0,nan,nan,0.0,0.0,nan,0.0,nan,nan,1.0,1.0,nan,1.0,nan,nan,0.0,0.0,nan,0.0,nan,nan,nan,nan,nan,nan,nan,nan,nan,nan,nan,nan,nan,nan,nan,nan,nan,nan,nan,nan,3.0
nan,nan,nan,nan,nan,nan,0.0,0.0,nan,0.0,nan,nan,0.0,0.0,nan,0.0,nan,nan,1.0,1.0,nan,1.0,nan,nan,0.0,0.0,nan,0.0,nan,nan,nan,nan,nan,nan,nan,nan,nan,nan,nan,nan,nan,nan,nan,nan,nan,nan,nan,nan,3.0
nan,nan,nan,nan,nan,nan,0.0,0.0,nan,0.0,nan,nan,0.0,0.0,nan,0.0,nan,nan,1.0,1.0,nan,1.0,nan,nan,0.0,0.0,nan,0.0,nan,nan,nan,nan,nan,nan,nan,nan,nan,nan,nan,nan,nan,nan,nan,nan,nan,nan,nan,nan,3.0
nan,nan,nan,nan,nan,nan,0.0,0.0,nan,0.0,nan,nan,0.0,0.0,nan,0.0,nan,nan,1.0,1.0,nan,1.0,nan,nan,0.0,0.0,nan,0.0,nan,nan,nan,nan,nan,nan,nan,nan,nan,nan,nan,nan,nan,nan,nan,nan,nan,nan,nan,nan,3.0
nan,nan,nan,nan,nan,nan,0.0,0.0,nan,0.0,nan,nan,0.0,0.0,nan,0.0,nan,nan,1.0,1.0,nan,1.0,nan,nan,0.0,0.0,nan,0.0,nan,nan,nan,nan,nan,nan,nan,nan,nan,nan,nan,nan,nan,nan,nan,nan,nan,nan,nan,nan,3.0
nan,nan,nan,nan,nan,nan,0.0,0.0,nan,0.0,nan,nan,0.0,0.0,nan,0.0,nan,nan,1.0,1.0,nan,1.0,nan,nan,0.0,0.0,nan,0.0,nan,nan,nan,nan,nan,nan,nan,nan,nan,nan,nan,nan,nan,nan,nan,nan,nan,nan,nan,nan,3.0
nan,nan,nan,nan,nan,nan,0.0,0.0,nan,0.0,nan,nan,0.0,0.0,nan,0.0,nan,nan,1.0,1.0,nan,1.0,nan,nan,0.0,0.0,nan,0.0,nan,nan,nan,nan,nan,nan,nan,nan,nan,nan,nan,nan,nan,nan,nan,nan,nan,nan,nan,nan,3.0
nan,nan,nan,nan,nan,nan,0.0,0.0,nan,0.0,nan,nan,0.0,0.0,nan,0.0,nan,nan,1.0,1.0,nan,1.0,nan,nan,0.0,0.0,nan,0.0,nan,nan,nan,nan,nan,nan,nan,nan,nan,nan,nan,nan,nan,nan,nan,nan,nan,nan,nan,nan,3.0
nan,nan,nan,nan,nan,nan,0.0,0.0,nan,0.0,nan,nan,0.0,0.0,nan,0.0,nan,nan,1.0,1.0,nan,1.0,nan,nan,0.0,0.0,nan,0.0,nan,nan,nan,nan,nan,nan,nan,nan,nan,nan,nan,nan,nan,nan,nan,nan,nan,nan,nan,nan,3.0
nan,nan,nan,nan,nan,nan,0.0,0.0,nan,0.0,nan,nan,0.0,0.0,nan,0.0,nan,nan,1.0,1.0,nan,1.0,nan,nan,0.0,0.0,nan,0.0,nan,nan,nan,nan,nan,nan,nan,nan,nan,nan,nan,nan,nan,nan,nan,nan,nan,nan,nan,nan,3.0
nan,nan,nan,nan,nan,nan,0.0,0.0,nan,0.0,nan,nan,0.0,0.0,nan,0.0,nan,nan,1.0,1.0,nan,1.0,nan,nan,0.0,0.0,nan,0.0,nan,nan,nan,nan,nan,nan,nan,nan,nan,nan,nan,nan,nan,nan,nan,nan,nan,nan,nan,nan,3.0
nan,nan,nan,nan,nan,nan,0.0,0.0,nan,0.0,nan,nan,0.0,0.0,nan,0.0,nan,nan,1.0,1.0,nan,1.0,nan,nan,0.0,0.0,nan,0.0,nan,nan,nan,nan,nan,nan,nan,nan,nan,nan,nan,nan,nan,nan,nan,nan,nan,nan,nan,nan,3.0
nan,nan,nan,nan,nan,nan,0.0,0.0,nan,0.0,nan,nan,0.0,0.0,nan,0.0,nan,nan,1.0,1.0,nan,1.0,nan,nan,0.0,0.0,nan,0.0,nan,nan,nan,nan,nan,nan,nan,nan,nan,nan,nan,nan,nan,nan,nan,nan,nan,nan,nan,nan,3.0
nan,nan,nan,nan,nan,nan,0.0,0.0,nan,0.0,nan,nan,0.0,0.0,nan,0.0,nan,nan,1.0,1.0,nan,1.0,nan,nan,0.0,0.0,nan,0.0,nan,nan,nan,nan,nan,nan,nan,nan,nan,nan,nan,nan,nan,nan,nan,nan,nan,nan,nan,nan,3.0
nan,nan,nan,nan,nan,nan,0.0,0.0,nan,0.0,nan,nan,0.0,0.0,nan,0.0,nan,nan,1.0,1.0,nan,1.0,nan,nan,0.0,0.0,nan,0.0,nan,nan,nan,nan,nan,nan,nan,nan,nan,nan,nan,nan,nan,nan,nan,nan,nan,nan,nan,nan,3.0
nan,nan,nan,nan,nan,nan,0.0,0.0,nan,0.0,nan,nan,0.0,0.0,nan,0.0,nan,nan,1.0,1.0,nan,1.0,nan,nan,0.0,0.0,nan,0.0,nan,nan,nan,nan,nan,nan,nan,nan,nan,nan,nan,nan,nan,nan,nan,nan,nan,nan,nan,nan,3.0
nan,nan,nan,nan,nan,nan,0.0,0.0,nan,0.0,nan,nan,0.0,0.0,nan,0.0,nan,nan,1.0,1.0,nan,1.0,nan,nan,0.0,0.0,nan,0.0,nan,nan,nan,nan,nan,nan,nan,nan,nan,nan,nan,nan,nan,nan,nan,nan,nan,nan,nan,nan,3.0
nan,nan,nan,nan,nan,nan,0.0,0.0,nan,0.0,nan,nan,0.0,0.0,nan,0.0,nan,nan,1.0,1.0,nan,1.0,nan,nan,0.0,0.0,nan,0.0,nan,nan,nan,nan,nan,nan,nan,nan,nan,nan,nan,nan,nan,nan,nan,nan,nan,nan,nan,nan,3.0
nan,nan,nan,nan,nan,nan,0.0,0.0,nan,0.0,nan,nan,0.0,0.0,nan,0.0,nan,nan,1.0,1.0,nan,1.0,nan,nan,0.0,0.0,nan,0.0,nan,nan,nan,nan,nan,nan,nan,nan,nan,nan,nan,nan,nan,nan,nan,nan,nan,nan,nan,nan,3.0
nan,nan,nan,nan,nan,nan,0.0,0.0,nan,0.0,nan,nan,0.0,0.0,nan,0.0,nan,nan,1.0,1.0,nan,1.0,nan,nan,0.0,0.0,nan,0.0,nan,nan,nan,nan,nan,nan,nan,nan,nan,nan,nan,nan,nan,nan,nan,nan,nan,nan,nan,nan,3.0
nan,nan,nan,nan,nan,nan,0.0,0.0,nan,0.0,nan,nan,0.0,0.0,nan,0.0,nan,nan,1.0,1.0,nan,1.0,nan,nan,0.0,0.0,nan,0.0,nan,nan,nan,nan,nan,nan,nan,nan,nan,nan,nan,nan,nan,nan,nan,nan,nan,nan,nan,nan,3.0
nan,nan,nan,nan,nan,nan,0.0,0.0,nan,0.0,nan,nan,0.0,0.0,nan,0.0,nan,nan,1.0,1.0,nan,1.0,nan,nan,0.0,0.0,nan,0.0,nan,nan,nan,nan,nan,nan,nan,nan,nan,nan,nan,nan,nan,nan,nan,nan,nan,nan,nan,nan,3.0
nan,nan,nan,nan,nan,nan,0.0,0.0,nan,0.0,nan,nan,0.0,0.0,nan,0.0,nan,nan,1.0,1.0,nan,1.0,nan,nan,0.0,0.0,nan,0.0,nan,nan,nan,nan,nan,nan,nan,nan,nan,nan,nan,nan,nan,nan,nan,nan,nan,nan,nan,nan,3.0
nan,nan,nan,nan,nan,nan,0.0,0.0,nan,0.0,nan,nan,0.0,0.0,nan,0.0,nan,nan,1.0,1.0,nan,1.0,nan,nan,0.0,0.0,nan,0.0,nan,nan,nan,nan,nan,nan,nan,nan,nan,nan,nan,nan,nan,nan,nan,nan,nan,nan,nan,nan,3.0
nan,nan,nan,nan,nan,nan,0.0,0.0,nan,0.0,nan,nan,0.0,0.0,nan,0.0,nan,nan,1.0,1.0,nan,1.0,nan,nan,0.0,0.0,nan,0.0,nan,nan,nan,nan,nan,nan,nan,nan,nan,nan,nan,nan,nan,nan,nan,nan,nan,nan,nan,nan,3.0
nan,nan,nan,nan,nan,nan,0.0,0.0,nan,0.0,nan,nan,0.0,0.0,nan,0.0,nan,nan,1.0,1.0,nan,1.0,nan,nan,0.0,0.0,nan,0.0,nan,nan,nan,nan,nan,nan,nan,nan,nan,nan,nan,nan,nan,nan,nan,nan,nan,nan,nan,nan,3.0
nan,nan,nan,nan,nan,nan,0.0,0.0,nan,0.0,nan,nan,0.0,0.0,nan,0.0,nan,nan,1.0,1.0,nan,1.0,nan,nan,0.0,0.0,nan,0.0,nan,nan,nan,nan,nan,nan,nan,nan,nan,nan,nan,nan,nan,nan,nan,nan,nan,nan,nan,nan,3.0
nan,nan,nan,nan,nan,nan,0.0,0.0,nan,0.0,nan,nan,0.0,0.0,nan,0.0,nan,nan,1.0,1.0,nan,1.0,nan,nan,0.0,0.0,nan,0.0,nan,nan,nan,nan,nan,nan,nan,nan,nan,nan,nan,nan,nan,nan,nan,nan,nan,nan,nan,nan,3.0
nan,nan,nan,nan,nan,nan,0.0,0.0,nan,0.0,nan,nan,0.0,0.0,nan,0.0,nan,nan,1.0,1.0,nan,1.0,nan,nan,0.0,0.0,nan,0.0,nan,nan,nan,nan,nan,nan,nan,nan,nan,nan,nan,nan,nan,nan,nan,nan,nan,nan,nan,nan,3.0
nan,nan,nan,nan,nan,nan,0.0,0.0,nan,0.0,nan,nan,0.0,0.0,nan,0.0,nan,nan,1.0,1.0,nan,1.0,nan,nan,0.0,0.0,nan,0.0,nan,nan,nan,nan,nan,nan,nan,nan,nan,nan,nan,nan,nan,nan,nan,nan,nan,nan,nan,nan,3.0
nan,nan,nan,nan,nan,nan,0.0,0.0,nan,0.0,nan,nan,0.0,0.0,nan,0.0,nan,nan,1.0,1.0,nan,1.0,nan,nan,0.0,0.0,nan,0.0,nan,nan,nan,nan,nan,nan,nan,nan,nan,nan,nan,nan,nan,nan,nan,nan,nan,nan,nan,nan,3.0
nan,nan,nan,nan,nan,nan,0.0,0.0,nan,0.0,nan,nan,0.0,0.0,nan,0.0,nan,nan,1.0,1.0,nan,1.0,nan,nan,0.0,0.0,nan,0.0,nan,nan,nan,nan,nan,nan,nan,nan,nan,nan,nan,nan,nan,nan,nan,nan,nan,nan,nan,nan,3.0
nan,nan,nan,nan,nan,nan,0.0,0.0,nan,0.0,nan,nan,0.0,0.0,nan,0.0,nan,nan,1.0,1.0,nan,1.0,nan,nan,0.0,0.0,nan,0.0,nan,nan,nan,nan,nan,nan,nan,nan,nan,nan,nan,nan,nan,nan,nan,nan,nan,nan,nan,nan,3.0
nan,nan,nan,nan,nan,nan,0.0,0.0,nan,0.0,nan,nan,0.0,0.0,nan,0.0,nan,nan,1.0,1.0,nan,1.0,nan,nan,0.0,0.0,nan,0.0,nan,nan,nan,nan,nan,nan,nan,nan,nan,nan,nan,nan,nan,nan,nan,nan,nan,nan,nan,nan,3.0
nan,nan,nan,nan,nan,nan,0.0,0.0,nan,0.0,nan,nan,0.0,0.0,nan,0.0,nan,nan,1.0,1.0,nan,1.0,nan,nan,0.0,0.0,nan,0.0,nan,nan,nan,nan,nan,nan,nan,nan,nan,nan,nan,nan,nan,nan,nan,nan,nan,nan,nan,nan,3.0
nan,nan,nan,nan,nan,nan,0.0,0.0,nan,0.0,nan,nan,0.0,0.0,nan,0.0,nan,nan,1.0,1.0,nan,1.0,nan,nan,0.0,0.0,nan,0.0,nan,nan,nan,nan,nan,nan,nan,nan,nan,nan,nan,nan,nan,nan,nan,nan,nan,nan,nan,nan,3.0
nan,nan,nan,nan,nan,nan,0.0,0.0,nan,0.0,nan,nan,0.0,0.0,nan,0.0,nan,nan,1.0,1.0,nan,1.0,nan,nan,0.0,0.0,nan,0.0,nan,nan,nan,nan,nan,nan,nan,nan,nan,nan,nan,nan,nan,nan,nan,nan,nan,nan,nan,nan,3.0
nan,nan,nan,nan,nan,nan,0.0,0.0,nan,0.0,nan,nan,0.0,0.0,nan,0.0,nan,nan,1.0,1.0,nan,1.0,nan,nan,0.0,0.0,nan,0.0,nan,nan,nan,nan,nan,nan,nan,nan,nan,nan,nan,nan,nan,nan,nan,nan,nan,nan,nan,nan,3.0
nan,nan,nan,nan,nan,nan,0.0,0.0,nan,0.0,nan,nan,0.0,0.0,nan,0.0,nan,nan,1.0,1.0,nan,1.0,nan,nan,0.0,0.0,nan,0.0,nan,nan,nan,nan,nan,nan,nan,nan,nan,nan,nan,nan,nan,nan,nan,nan,nan,nan,nan,nan,3.0
nan,nan,nan,nan,nan,nan,0.0,0.0,nan,0.0,nan,nan,0.0,0.0,nan,0.0,nan,nan,1.0,1.0,nan,1.0,nan,nan,0.0,0.0,nan,0.0,nan,nan,nan,nan,nan,nan,nan,nan,nan,nan,nan,nan,nan,nan,nan,nan,nan,nan,nan,nan,3.0
nan,nan,nan,nan,nan,nan,0.0,0.0,nan,0.0,nan,nan,0.0,0.0,nan,0.0,nan,nan,1.0,1.0,nan,1.0,nan,nan,0.0,0.0,nan,0.0,nan,nan,nan,nan,nan,nan,nan,nan,nan,nan,nan,nan,nan,nan,nan,nan,nan,nan,nan,nan,3.0
nan,nan,nan,nan,nan,nan,0.0,0.0,nan,0.0,nan,nan,0.0,0.0,nan,0.0,nan,nan,1.0,1.0,nan,1.0,nan,nan,0.0,0.0,nan,0.0,nan,nan,nan,nan,nan,nan,nan,nan,nan,nan,nan,nan,nan,nan,nan,nan,nan,nan,nan,nan,3.0
nan,nan,nan,nan,nan,nan,0.0,0.0,nan,0.0,nan,nan,0.0,0.0,nan,0.0,nan,nan,1.0,1.0,nan,1.0,nan,nan,0.0,0.0,nan,0.0,nan,nan,nan,nan,nan,nan,nan,nan,nan,nan,nan,nan,nan,nan,nan,nan,nan,nan,nan,nan,3.0
nan,nan,nan,nan,nan,nan,0.0,0.0,nan,0.0,nan,nan,0.0,0.0,nan,0.0,nan,nan,0.0,0.0,nan,0.0,nan,nan,1.0,1.0,nan,1.0,nan,nan,nan,nan,nan,nan,nan,nan,nan,nan,nan,nan,nan,nan,nan,nan,nan,nan,nan,nan,4.0
nan,nan,nan,nan,nan,nan,0.0,0.0,nan,0.0,nan,nan,0.0,0.0,nan,0.0,nan,nan,0.0,0.0,nan,0.0,nan,nan,1.0,1.0,nan,1.0,nan,nan,nan,nan,nan,nan,nan,nan,nan,nan,nan,nan,nan,nan,nan,nan,nan,nan,nan,nan,4.0
nan,nan,nan,nan,nan,nan,0.0,0.0,nan,0.0,nan,nan,0.0,0.0,nan,0.0,nan,nan,0.0,0.0,nan,0.0,nan,nan,1.0,1.0,nan,1.0,nan,nan,nan,nan,nan,nan,nan,nan,nan,nan,nan,nan,nan,nan,nan,nan,nan,nan,nan,nan,4.0
nan,nan,nan,nan,nan,nan,0.0,0.0,nan,0.0,nan,nan,0.0,0.0,nan,0.0,nan,nan,0.0,0.0,nan,0.0,nan,nan,1.0,1.0,nan,1.0,nan,nan,nan,nan,nan,nan,nan,nan,nan,nan,nan,nan,nan,nan,nan,nan,nan,nan,nan,nan,4.0
nan,nan,nan,nan,nan,nan,0.0,0.0,nan,0.0,nan,nan,0.0,0.0,nan,0.0,nan,nan,0.0,0.0,nan,0.0,nan,nan,1.0,1.0,nan,1.0,nan,nan,nan,nan,nan,nan,nan,nan,nan,nan,nan,nan,nan,nan,nan,nan,nan,nan,nan,nan,4.0
nan,nan,nan,nan,nan,nan,0.0,0.0,nan,0.0,nan,nan,0.0,0.0,nan,0.0,nan,nan,0.0,0.0,nan,0.0,nan,nan,1.0,1.0,nan,1.0,nan,nan,nan,nan,nan,nan,nan,nan,nan,nan,nan,nan,nan,nan,nan,nan,nan,nan,nan,nan,4.0
nan,nan,nan,nan,nan,nan,0.0,0.0,nan,0.0,nan,nan,0.0,0.0,nan,0.0,nan,nan,0.0,0.0,nan,0.0,nan,nan,1.0,1.0,nan,1.0,nan,nan,nan,nan,nan,nan,nan,nan,nan,nan,nan,nan,nan,nan,nan,nan,nan,nan,nan,nan,4.0
nan,nan,nan,nan,nan,nan,0.0,0.0,nan,0.0,nan,nan,0.0,0.0,nan,0.0,nan,nan,0.0,0.0,nan,0.0,nan,nan,1.0,1.0,nan,1.0,nan,nan,nan,nan,nan,nan,nan,nan,nan,nan,nan,nan,nan,nan,nan,nan,nan,nan,nan,nan,4.0
nan,nan,nan,nan,nan,nan,0.0,0.0,nan,0.0,nan,nan,0.0,0.0,nan,0.0,nan,nan,0.0,0.0,nan,0.0,nan,nan,1.0,1.0,nan,1.0,nan,nan,nan,nan,nan,nan,nan,nan,nan,nan,nan,nan,nan,nan,nan,nan,nan,nan,nan,nan,4.0
nan,nan,nan,nan,nan,nan,0.0,0.0,nan,0.0,nan,nan,0.0,0.0,nan,0.0,nan,nan,0.0,0.0,nan,0.0,nan,nan,1.0,1.0,nan,1.0,nan,nan,nan,nan,nan,nan,nan,nan,nan,nan,nan,nan,nan,nan,nan,nan,nan,nan,nan,nan,4.0
nan,nan,nan,nan,nan,nan,0.0,0.0,nan,0.0,nan,nan,0.0,0.0,nan,0.0,nan,nan,0.0,0.0,nan,0.0,nan,nan,1.0,1.0,nan,1.0,nan,nan,nan,nan,nan,nan,nan,nan,nan,nan,nan,nan,nan,nan,nan,nan,nan,nan,nan,nan,4.0
nan,nan,nan,nan,nan,nan,0.0,0.0,nan,0.0,nan,nan,0.0,0.0,nan,0.0,nan,nan,0.0,0.0,nan,0.0,nan,nan,1.0,1.0,nan,1.0,nan,nan,nan,nan,nan,nan,nan,nan,nan,nan,nan,nan,nan,nan,nan,nan,nan,nan,nan,nan,4.0
nan,nan,nan,nan,nan,nan,0.0,0.0,nan,0.0,nan,nan,0.0,0.0,nan,0.0,nan,nan,0.0,0.0,nan,0.0,nan,nan,1.0,1.0,nan,1.0,nan,nan,nan,nan,nan,nan,nan,nan,nan,nan,nan,nan,nan,nan,nan,nan,nan,nan,nan,nan,4.0
nan,nan,nan,nan,nan,nan,0.0,0.0,nan,0.0,nan,nan,0.0,0.0,nan,0.0,nan,nan,0.0,0.0,nan,0.0,nan,nan,1.0,1.0,nan,1.0,nan,nan,nan,nan,nan,nan,nan,nan,nan,nan,nan,nan,nan,nan,nan,nan,nan,nan,nan,nan,4.0
nan,nan,nan,nan,nan,nan,0.0,0.0,nan,0.0,nan,nan,0.0,0.0,nan,0.0,nan,nan,0.0,0.0,nan,0.0,nan,nan,1.0,1.0,nan,1.0,nan,nan,nan,nan,nan,nan,nan,nan,nan,nan,nan,nan,nan,nan,nan,nan,nan,nan,nan,nan,4.0
nan,nan,nan,nan,nan,nan,0.0,0.0,nan,0.0,nan,nan,0.0,0.0,nan,0.0,nan,nan,0.0,0.0,nan,0.0,nan,nan,1.0,1.0,nan,1.0,nan,nan,nan,nan,nan,nan,nan,nan,nan,nan,nan,nan,nan,nan,nan,nan,nan,nan,nan,nan,4.0
nan,nan,nan,nan,nan,nan,0.0,0.0,nan,0.0,nan,nan,0.0,0.0,nan,0.0,nan,nan,0.0,0.0,nan,0.0,nan,nan,1.0,1.0,nan,1.0,nan,nan,nan,nan,nan,nan,nan,nan,nan,nan,nan,nan,nan,nan,nan,nan,nan,nan,nan,nan,4.0
nan,nan,nan,nan,nan,nan,0.0,0.0,nan,0.0,nan,nan,0.0,0.0,nan,0.0,nan,nan,0.0,0.0,nan,0.0,nan,nan,1.0,1.0,nan,1.0,nan,nan,nan,nan,nan,nan,nan,nan,nan,nan,nan,nan,nan,nan,nan,nan,nan,nan,nan,nan,4.0
nan,nan,nan,nan,nan,nan,0.0,0.0,nan,0.0,nan,nan,0.0,0.0,nan,0.0,nan,nan,0.0,0.0,nan,0.0,nan,nan,1.0,1.0,nan,1.0,nan,nan,nan,nan,nan,nan,nan,nan,nan,nan,nan,nan,nan,nan,nan,nan,nan,nan,nan,nan,4.0
nan,nan,nan,nan,nan,nan,0.0,0.0,nan,0.0,nan,nan,0.0,0.0,nan,0.0,nan,nan,0.0,0.0,nan,0.0,nan,nan,1.0,1.0,nan,1.0,nan,nan,nan,nan,nan,nan,nan,nan,nan,nan,nan,nan,nan,nan,nan,nan,nan,nan,nan,nan,4.0
nan,nan,nan,nan,nan,nan,0.0,0.0,nan,0.0,nan,nan,0.0,0.0,nan,0.0,nan,nan,0.0,0.0,nan,0.0,nan,nan,1.0,1.0,nan,1.0,nan,nan,nan,nan,nan,nan,nan,nan,nan,nan,nan,nan,nan,nan,nan,nan,nan,nan,nan,nan,4.0
nan,nan,nan,nan,nan,nan,0.0,0.0,nan,0.0,nan,nan,0.0,0.0,nan,0.0,nan,nan,0.0,0.0,nan,0.0,nan,nan,1.0,1.0,nan,1.0,nan,nan,nan,nan,nan,nan,nan,nan,nan,nan,nan,nan,nan,nan,nan,nan,nan,nan,nan,nan,4.0
nan,nan,nan,nan,nan,nan,0.0,0.0,nan,0.0,nan,nan,0.0,0.0,nan,0.0,nan,nan,0.0,0.0,nan,0.0,nan,nan,1.0,1.0,nan,1.0,nan,nan,nan,nan,nan,nan,nan,nan,nan,nan,nan,nan,nan,nan,nan,nan,nan,nan,nan,nan,4.0
nan,nan,nan,nan,nan,nan,0.0,0.0,nan,0.0,nan,nan,0.0,0.0,nan,0.0,nan,nan,0.0,0.0,nan,0.0,nan,nan,1.0,1.0,nan,1.0,nan,nan,nan,nan,nan,nan,nan,nan,nan,nan,nan,nan,nan,nan,nan,nan,nan,nan,nan,nan,4.0
nan,nan,nan,nan,nan,nan,0.0,0.0,nan,0.0,nan,nan,0.0,0.0,nan,0.0,nan,nan,0.0,0.0,nan,0.0,nan,nan,1.0,1.0,nan,1.0,nan,nan,nan,nan,nan,nan,nan,nan,nan,nan,nan,nan,nan,nan,nan,nan,nan,nan,nan,nan,4.0
nan,nan,nan,nan,nan,nan,0.0,0.0,nan,0.0,nan,nan,0.0,0.0,nan,0.0,nan,nan,0.0,0.0,nan,0.0,nan,nan,1.0,1.0,nan,1.0,nan,nan,nan,nan,nan,nan,nan,nan,nan,nan,nan,nan,nan,nan,nan,nan,nan,nan,nan,nan,4.0
nan,nan,nan,nan,nan,nan,0.0,0.0,nan,0.0,nan,nan,0.0,0.0,nan,0.0,nan,nan,0.0,0.0,nan,0.0,nan,nan,1.0,1.0,nan,1.0,nan,nan,nan,nan,nan,nan,nan,nan,nan,nan,nan,nan,nan,nan,nan,nan,nan,nan,nan,nan,4.0
nan,nan,nan,nan,nan,nan,0.0,0.0,nan,0.0,nan,nan,0.0,0.0,nan,0.0,nan,nan,0.0,0.0,nan,0.0,nan,nan,1.0,1.0,nan,1.0,nan,nan,nan,nan,nan,nan,nan,nan,nan,nan,nan,nan,nan,nan,nan,nan,nan,nan,nan,nan,4.0
nan,nan,nan,nan,nan,nan,0.0,0.0,nan,0.0,nan,nan,0.0,0.0,nan,0.0,nan,nan,0.0,0.0,nan,0.0,nan,nan,1.0,1.0,nan,1.0,nan,nan,nan,nan,nan,nan,nan,nan,nan,nan,nan,nan,nan,nan,nan,nan,nan,nan,nan,nan,4.0
nan,nan,nan,nan,nan,nan,0.0,0.0,nan,0.0,nan,nan,0.0,0.0,nan,0.0,nan,nan,0.0,0.0,nan,0.0,nan,nan,1.0,1.0,nan,1.0,nan,nan,nan,nan,nan,nan,nan,nan,nan,nan,nan,nan,nan,nan,nan,nan,nan,nan,nan,nan,4.0
nan,nan,nan,nan,nan,nan,0.0,0.0,nan,0.0,nan,nan,0.0,0.0,nan,0.0,nan,nan,0.0,0.0,nan,0.0,nan,nan,1.0,1.0,nan,1.0,nan,nan,nan,nan,nan,nan,nan,nan,nan,nan,nan,nan,nan,nan,nan,nan,nan,nan,nan,nan,4.0
nan,nan,nan,nan,nan,nan,0.0,0.0,nan,0.0,nan,nan,0.0,0.0,nan,0.0,nan,nan,0.0,0.0,nan,0.0,nan,nan,1.0,1.0,nan,1.0,nan,nan,nan,nan,nan,nan,nan,nan,nan,nan,nan,nan,nan,nan,nan,nan,nan,nan,nan,nan,4.0
nan,nan,nan,nan,nan,nan,0.0,0.0,nan,0.0,nan,nan,0.0,0.0,nan,0.0,nan,nan,0.0,0.0,nan,0.0,nan,nan,1.0,1.0,nan,1.0,nan,nan,nan,nan,nan,nan,nan,nan,nan,nan,nan,nan,nan,nan,nan,nan,nan,nan,nan,nan,4.0
nan,nan,nan,nan,nan,nan,0.0,0.0,nan,0.0,nan,nan,0.0,0.0,nan,0.0,nan,nan,0.0,0.0,nan,0.0,nan,nan,1.0,1.0,nan,1.0,nan,nan,nan,nan,nan,nan,nan,nan,nan,nan,nan,nan,nan,nan,nan,nan,nan,nan,nan,nan,4.0
nan,nan,nan,nan,nan,nan,0.0,0.0,nan,0.0,nan,nan,0.0,0.0,nan,0.0,nan,nan,0.0,0.0,nan,0.0,nan,nan,1.0,1.0,nan,1.0,nan,nan,nan,nan,nan,nan,nan,nan,nan,nan,nan,nan,nan,nan,nan,nan,nan,nan,nan,nan,4.0
nan,nan,nan,nan,nan,nan,0.0,0.0,nan,0.0,nan,nan,0.0,0.0,nan,0.0,nan,nan,0.0,0.0,nan,0.0,nan,nan,1.0,1.0,nan,1.0,nan,nan,nan,nan,nan,nan,nan,nan,nan,nan,nan,nan,nan,nan,nan,nan,nan,nan,nan,nan,4.0
nan,nan,nan,nan,nan,nan,0.0,0.0,nan,0.0,nan,nan,0.0,0.0,nan,0.0,nan,nan,0.0,0.0,nan,0.0,nan,nan,1.0,1.0,nan,1.0,nan,nan,nan,nan,nan,nan,nan,nan,nan,nan,nan,nan,nan,nan,nan,nan,nan,nan,nan,nan,4.0
nan,nan,nan,nan,nan,nan,0.0,0.0,nan,0.0,nan,nan,0.0,0.0,nan,0.0,nan,nan,0.0,0.0,nan,0.0,nan,nan,1.0,1.0,nan,1.0,nan,nan,nan,nan,nan,nan,nan,nan,nan,nan,nan,nan,nan,nan,nan,nan,nan,nan,nan,nan,4.0
nan,nan,nan,nan,nan,nan,0.0,0.0,nan,0.0,nan,nan,0.0,0.0,nan,0.0,nan,nan,0.0,0.0,nan,0.0,nan,nan,1.0,1.0,nan,1.0,nan,nan,nan,nan,nan,nan,nan,nan,nan,nan,nan,nan,nan,nan,nan,nan,nan,nan,nan,nan,4.0
nan,nan,nan,nan,nan,nan,0.0,0.0,nan,0.0,nan,nan,0.0,0.0,nan,0.0,nan,nan,0.0,0.0,nan,0.0,nan,nan,1.0,1.0,nan,1.0,nan,nan,nan,nan,nan,nan,nan,nan,nan,nan,nan,nan,nan,nan,nan,nan,nan,nan,nan,nan,4.0
nan,nan,nan,nan,nan,nan,0.0,0.0,nan,0.0,nan,nan,0.0,0.0,nan,0.0,nan,nan,0.0,0.0,nan,0.0,nan,nan,1.0,1.0,nan,1.0,nan,nan,nan,nan,nan,nan,nan,nan,nan,nan,nan,nan,nan,nan,nan,nan,nan,nan,nan,nan,4.0
nan,nan,nan,nan,nan,nan,0.0,0.0,nan,0.0,nan,nan,0.0,0.0,nan,0.0,nan,nan,0.0,0.0,nan,0.0,nan,nan,1.0,1.0,nan,1.0,nan,nan,nan,nan,nan,nan,nan,nan,nan,nan,nan,nan,nan,nan,nan,nan,nan,nan,nan,nan,4.0
nan,nan,nan,nan,nan,nan,0.0,0.0,nan,0.0,nan,nan,0.0,0.0,nan,0.0,nan,nan,0.0,0.0,nan,0.0,nan,nan,1.0,1.0,nan,1.0,nan,nan,nan,nan,nan,nan,nan,nan,nan,nan,nan,nan,nan,nan,nan,nan,nan,nan,nan,nan,4.0
nan,nan,nan,nan,nan,nan,0.0,0.0,nan,0.0,nan,nan,0.0,0.0,nan,0.0,nan,nan,0.0,0.0,nan,0.0,nan,nan,1.0,1.0,nan,1.0,nan,nan,nan,nan,nan,nan,nan,nan,nan,nan,nan,nan,nan,nan,nan,nan,nan,nan,nan,nan,4.0
nan,nan,nan,nan,nan,nan,0.0,0.0,nan,0.0,nan,nan,0.0,0.0,nan,0.0,nan,nan,0.0,0.0,nan,0.0,nan,nan,1.0,1.0,nan,1.0,nan,nan,nan,nan,nan,nan,nan,nan,nan,nan,nan,nan,nan,nan,nan,nan,nan,nan,nan,nan,4.0
nan,nan,nan,nan,nan,nan,0.0,0.0,nan,0.0,nan,nan,0.0,0.0,nan,0.0,nan,nan,0.0,0.0,nan,0.0,nan,nan,1.0,1.0,nan,1.0,nan,nan,nan,nan,nan,nan,nan,nan,nan,nan,nan,nan,nan,nan,nan,nan,nan,nan,nan,nan,4.0
nan,nan,nan,nan,nan,nan,0.0,0.0,nan,0.0,nan,nan,0.0,0.0,nan,0.0,nan,nan,0.0,0.0,nan,0.0,nan,nan,1.0,1.0,nan,1.0,nan,nan,nan,nan,nan,nan,nan,nan,nan,nan,nan,nan,nan,nan,nan,nan,nan,nan,nan,nan,4.0
nan,nan,nan,nan,nan,nan,0.0,0.0,nan,0.0,nan,nan,0.0,0.0,nan,0.0,nan,nan,0.0,0.0,nan,0.0,nan,nan,1.0,1.0,nan,1.0,nan,nan,nan,nan,nan,nan,nan,nan,nan,nan,nan,nan,nan,nan,nan,nan,nan,nan,nan,nan,4.0
nan,nan,nan,nan,nan,nan,0.0,0.0,nan,0.0,nan,nan,0.0,0.0,nan,0.0,nan,nan,0.0,0.0,nan,0.0,nan,nan,1.0,1.0,nan,1.0,nan,nan,nan,nan,nan,nan,nan,nan,nan,nan,nan,nan,nan,nan,nan,nan,nan,nan,nan,nan,4.0
nan,nan,nan,nan,nan,nan,0.0,0.0,nan,0.0,nan,nan,0.0,0.0,nan,0.0,nan,nan,0.0,0.0,nan,0.0,nan,nan,1.0,1.0,nan,1.0,nan,nan,nan,nan,nan,nan,nan,nan,nan,nan,nan,nan,nan,nan,nan,nan,nan,nan,nan,nan,4.0
